[
  {
    "id": "25dc5e91-7ae2-43a6-b15d-e40c060e1104",
    "data": [
      {
        "text": "Vorher",
        "userDefined": false
      }
    ],
    "isTemplate": false,
    "count": 0,
    "updated": 1551271931
  },
  {
    "id": "950c612e-2583-44c2-b4b0-f79514d45143",
    "data": [
      {
        "text": "Die vorigen Artikel",
        "userDefined": false
      }
    ],
    "isTemplate": false,
    "count": 0,
    "updated": 1551271931
  },
  {
    "id": "dbad07cf-5fdb-40d8-be73-fd110fbcff8d",
    "data": [
      {
        "text": "Zurück",
        "userDefined": false
      }
    ],
    "isTemplate": false,
    "count": 0,
    "updated": 1551271931
  },
  {
    "id": "7cbab9e5-4846-4094-ad42-959f2e7fbc85",
    "data": [
      {
        "text": "Die vorigen",
        "userDefined": false
      }
    ],
    "isTemplate": false,
    "count": 0,
    "updated": 1551271931
  },
  {
    "id": "bb5d09c9-8868-4ded-b0e6-9df5b17a4bf8",
    "data": [
      {
        "text": "Die letzten Artikel",
        "userDefined": false
      }
    ],
    "isTemplate": false,
    "count": 1,
    "updated": 1551271931
  }
]