[
  {
    "id": "99c468a6-cc03-4a21-947d-5779d18c206b",
    "data": [
      {
        "text": "Weiter",
        "userDefined": false
      }
    ],
    "isTemplate": false,
    "count": 0,
    "updated": 1551272890
  },
  {
    "id": "1b48b508-a712-41d7-b94e-ad2c259ff491",
    "data": [
      {
        "text": "Die nächsten Artikel",
        "userDefined": false
      }
    ],
    "isTemplate": false,
    "count": 0,
    "updated": 1551272890
  },
  {
    "id": "1a871256-a97c-4881-b774-a1bb36d3f1b8",
    "data": [
      {
        "text": "Die nächsten",
        "userDefined": false
      }
    ],
    "isTemplate": false,
    "count": 0,
    "updated": 1551272890
  },
  {
    "id": "4ff19572-97ef-4d1d-ba50-60c7e428350f",
    "data": [
      {
        "text": "Mehr",
        "userDefined": false
      }
    ],
    "isTemplate": false,
    "count": 0,
    "updated": 1551272890
  },
  {
    "id": "116b74e7-5d77-4616-a638-93ce15461f7f",
    "data": [
      {
        "text": "Weitere Artikel",
        "userDefined": false
      }
    ],
    "isTemplate": false,
    "count": 0,
    "updated": 1551272890
  },
  {
    "id": "ce58f051-0e2f-42c9-8c3e-0df933139c49",
    "data": [
      {
        "text": "Weitere",
        "userDefined": false
      }
    ],
    "isTemplate": false,
    "count": 0,
    "updated": 1551272890
  }
]