[
  {
    "id": "b6356ada-7cf0-4204-9ff6-35c187ef3008",
    "data": [
      {
        "text": "das ",
        "userDefined": false
      },
      {
        "text": "zweite",
        "alias": "number",
        "meta": "@sys.number",
        "userDefined": false
      },
      {
        "text": " vorlesen",
        "userDefined": false
      }
    ],
    "isTemplate": false,
    "count": 0,
    "updated": 1551275816
  },
  {
    "id": "2dc8c91a-e82a-40ba-b61d-04a44c464b85",
    "data": [
      {
        "text": "der ",
        "userDefined": false
      },
      {
        "text": "dritte",
        "alias": "number",
        "meta": "@sys.number",
        "userDefined": false
      },
      {
        "text": " Artikel",
        "userDefined": false
      }
    ],
    "isTemplate": false,
    "count": 0,
    "updated": 1551275816
  },
  {
    "id": "986f3263-2a57-4e6f-b57f-787142edc3ba",
    "data": [
      {
        "text": "Artikel ",
        "userDefined": false
      },
      {
        "text": "vier",
        "alias": "number",
        "meta": "@sys.number",
        "userDefined": false
      }
    ],
    "isTemplate": false,
    "count": 0,
    "updated": 1551275816
  },
  {
    "id": "7b05b382-099b-4e8c-833f-a935b9f6c881",
    "data": [
      {
        "text": "Nummer ",
        "userDefined": false
      },
      {
        "text": "eins",
        "alias": "number",
        "meta": "@sys.number",
        "userDefined": false
      }
    ],
    "isTemplate": false,
    "count": 0,
    "updated": 1551275816
  },
  {
    "id": "68333093-294f-438c-b57f-e76089679374",
    "data": [
      {
        "text": "das ",
        "userDefined": false
      },
      {
        "text": "erste",
        "alias": "number",
        "meta": "@sys.number",
        "userDefined": true
      }
    ],
    "isTemplate": false,
    "count": 0,
    "updated": 1551274780
  }
]