[
  {
    "id": "66fd270c-0719-4246-896f-6c7278fc08d2",
    "data": [
      {
        "text": "sag das nochmal",
        "userDefined": false
      }
    ],
    "isTemplate": false,
    "count": 0,
    "updated": 1551434082
  },
  {
    "id": "f8421d9a-f3e1-4255-a136-414f167770eb",
    "data": [
      {
        "text": "wiederholen",
        "userDefined": false
      }
    ],
    "isTemplate": false,
    "count": 0,
    "updated": 1551434082
  },
  {
    "id": "d4630e11-285e-4f1f-99a1-0e28efab1c79",
    "data": [
      {
        "text": "nochmal",
        "userDefined": false
      }
    ],
    "isTemplate": false,
    "count": 0,
    "updated": 1551434082
  }
]